meal_plan_id,schedule,patient_id
895498,Breakfast,6063167320
867715,Breakfast,5506324355
149176,Breakfast,2649214782
856146,Breakfast,9694068220
023959,Lunch,5863968055
018883,Dinner,8960899052
996351,Dinner,0855655016
272431,Breakfast,3712376485
731256,Dinner,2552972996
335167,Breakfast,8759820652
043726,Lunch,9084222294
653839,Breakfast,3492132392
004755,Breakfast,0360026548
403294,Dinner,7424026363
188129,Dinner,9100656003
757511,Breakfast,8400691482
735584,Breakfast,3304186552
563429,Dinner,6853119416
840378,Dinner,3641048591
194480,Dinner,1662389641
280153,Dinner,4392770979
417315,Lunch,3354651965
192077,Dinner,7846879816
035721,Dinner,6826903626
391363,Dinner,6900902451
614791,Breakfast,5442408301
617583,Breakfast,3615736965
220221,Breakfast,6635958458
314923,Lunch,0228703886
050583,Lunch,8154938267
783514,Lunch,6034131466
377485,Breakfast,3653372300
155934,Dinner,7408701855
691799,Dinner,9371180943
261458,Dinner,9005302310
778845,Lunch,4153265317
564626,Breakfast,0905162782
532299,Dinner,2530767248
872777,Lunch,7333527183
081278,Breakfast,8711843082
742862,Breakfast,0456953647
434629,Dinner,7285210275
003012,Lunch,0725667752
606873,Dinner,7145857358
362223,Dinner,6165917719
883037,Lunch,1820269067
341882,Lunch,2226504018
957096,Breakfast,0029639335
028632,Dinner,8333545648
145220,Dinner,7444995836
