staff_id,phone_number
336193,(225)859-4719
485693,(257)527-3195
930758,+1-778-214-7386x66602
460865,550.493.2127x00168
692882,813.791.7630x135
433716,249.339.9908x43215
011887,(471)704-7152x96924
406378,609-485-1482
158345,968.415.1230
368456,916.792.7086
986552,732-976-6890x452
463440,235-603-2140x4780
698298,547.408.7137x79582
071119,001-372-727-1101x393
285574,615-536-1278x158
754994,+1-669-753-9854x77713
859954,743-875-5237x29076
155327,001-909-551-6089x76681
542560,982-694-5764x3413
409428,001-662-644-5483x0046
382599,836-299-3428x54118
194673,+1-667-547-1427x3650
633069,(297)861-0409
694498,001-816-406-3729x6939
432055,835.359.2488x4672
839444,+1-946-973-7148x51155
475851,(351)810-7427
919566,784.697.6728x84493
236562,813-704-8419
988219,326-610-1829
577352,(825)342-4266
761530,340-464-2548
345260,+1-957-361-4536x2496
767060,(555)424-8291x5774
502514,(818)914-2815x109
017224,001-479-909-5404
189609,001-268-572-3553x105
829961,256.332.6714
468580,+1-395-287-0167x90131
052942,579.815.7787
