-- Patients Table

        INSERT INTO Patients (patient_id, first_name, last_name, dob, height, weight, insurance, sex, dnr_present, street_no, street_name, unit_no, city, province, country)
        VALUES ('447505059876', 'Veronica', 'Knight', '1947-08-26', 151, 54, 'Y', 'F', 'Y', '414', 'Williams Walks', 41, 'Lake Dorothyland', 'ME', 'Canada');
        
INSERT INTO PatientPhones (patient_id, phone_number) VALUES ('447505059876', '001-370-204-7818x5818');
INSERT INTO PatientPhones (patient_id, phone_number) VALUES ('447505059876', '8673438444');
INSERT INTO PatientPhones (patient_id, phone_number) VALUES ('447505059876', '927.867.0899');
INSERT INTO PatientEmails (patient_id, email) VALUES ('447505059876', 'wwalker@example.net');
INSERT INTO PatientEmails (patient_id, email) VALUES ('447505059876', 'cynthia33@example.org');

        INSERT INTO Patients (patient_id, first_name, last_name, dob, height, weight, insurance, sex, dnr_present, street_no, street_name, unit_no, city, province, country)
        VALUES ('780755542315', 'Michelle', 'Diaz', '1998-08-24', 178, 56, 'N', 'F', 'Y', '8371', 'Murphy Pass', 85, 'New Michael', 'WY', 'US');
        
INSERT INTO PatientPhones (patient_id, phone_number) VALUES ('780755542315', '739.642.1527');
INSERT INTO PatientPhones (patient_id, phone_number) VALUES ('780755542315', '001-863-634-5926');
INSERT INTO PatientPhones (patient_id, phone_number) VALUES ('780755542315', '788.370.1824x20709');
INSERT INTO PatientEmails (patient_id, email) VALUES ('780755542315', 'tonyadixon@example.org');
INSERT INTO PatientEmails (patient_id, email) VALUES ('780755542315', 'edwardsjimmy@example.net');

        INSERT INTO Patients (patient_id, first_name, last_name, dob, height, weight, insurance, sex, dnr_present, street_no, street_name, unit_no, city, province, country)
        VALUES ('034118677807', 'Amy', 'Moore', '1949-09-30', 165, 76, 'Y', 'M', 'Y', '8293', 'Mitchell Port', 95, 'West Rebeccafurt', 'ME', 'Canada');
        
INSERT INTO PatientPhones (patient_id, phone_number) VALUES ('034118677807', '(540)414-2113x66958');
INSERT INTO PatientPhones (patient_id, phone_number) VALUES ('034118677807', '(746)884-1066x3602');
INSERT INTO PatientEmails (patient_id, email) VALUES ('034118677807', 'brownjake@example.com');

        INSERT INTO Patients (patient_id, first_name, last_name, dob, height, weight, insurance, sex, dnr_present, street_no, street_name, unit_no, city, province, country)
        VALUES ('585430752205', 'Melissa', 'Gray', '1965-10-28', 207, 102, 'N', 'M', 'Y', '869', 'Murphy Islands', 28, 'Morganbury', 'AS', 'Canada');
        
INSERT INTO PatientPhones (patient_id, phone_number) VALUES ('585430752205', '(838)692-2155');
INSERT INTO PatientPhones (patient_id, phone_number) VALUES ('585430752205', '7102786559');
INSERT INTO PatientPhones (patient_id, phone_number) VALUES ('585430752205', '(783)379-6972');
INSERT INTO PatientEmails (patient_id, email) VALUES ('585430752205', 'jeffreyfrench@example.net');
INSERT INTO PatientEmails (patient_id, email) VALUES ('585430752205', 'fsimpson@example.com');

        INSERT INTO Patients (patient_id, first_name, last_name, dob, height, weight, insurance, sex, dnr_present, street_no, street_name, unit_no, city, province, country)
        VALUES ('016450454611', 'Theresa', 'Bell', '1929-03-26', 145, 117, 'N', 'M', 'Y', '7884', 'Clark Court', 19, 'West Christopher', 'AL', 'US');
        
INSERT INTO PatientPhones (patient_id, phone_number) VALUES ('016450454611', '(539)751-9244');
INSERT INTO PatientEmails (patient_id, email) VALUES ('016450454611', 'rschwartz@example.org');

        INSERT INTO Patients (patient_id, first_name, last_name, dob, height, weight, insurance, sex, dnr_present, street_no, street_name, unit_no, city, province, country)
        VALUES ('215449313750', 'Alec', 'Nelson', '1958-12-30', 208, 139, 'Y', 'M', 'Y', '3444', 'Michael Cliff', 10, 'Lake Karen', 'OR', 'Canada');
        
INSERT INTO PatientPhones (patient_id, phone_number) VALUES ('215449313750', '422-831-4658x8307');
INSERT INTO PatientPhones (patient_id, phone_number) VALUES ('215449313750', '(702)656-7023x50950');
INSERT INTO PatientEmails (patient_id, email) VALUES ('215449313750', 'pdawson@example.net');

        INSERT INTO Patients (patient_id, first_name, last_name, dob, height, weight, insurance, sex, dnr_present, street_no, street_name, unit_no, city, province, country)
        VALUES ('344843598556', 'Robert', 'Castillo', '1948-07-05', 134, 72, 'Y', 'M', 'Y', '493', 'Lynch Track', 25, 'Rochastad', 'DC', 'Canada');
        
INSERT INTO PatientPhones (patient_id, phone_number) VALUES ('344843598556', '+1-858-308-4082x143');
INSERT INTO PatientPhones (patient_id, phone_number) VALUES ('344843598556', '+1-877-516-8670x18668');
INSERT INTO PatientPhones (patient_id, phone_number) VALUES ('344843598556', '(243)651-3262x4895');
INSERT INTO PatientEmails (patient_id, email) VALUES ('344843598556', 'whitesamantha@example.com');
INSERT INTO PatientEmails (patient_id, email) VALUES ('344843598556', 'gomezamanda@example.org');

        INSERT INTO Patients (patient_id, first_name, last_name, dob, height, weight, insurance, sex, dnr_present, street_no, street_name, unit_no, city, province, country)
        VALUES ('478251737906', 'Robert', 'Barry', '1984-06-21', 139, 91, 'Y', 'F', 'N', '0854', 'Dillon Cove', 76, 'Lisaburgh', 'PA', 'Canada');
        
INSERT INTO PatientPhones (patient_id, phone_number) VALUES ('478251737906', '835-620-7059x24437');
INSERT INTO PatientPhones (patient_id, phone_number) VALUES ('478251737906', '001-491-779-6959x66799');
INSERT INTO PatientEmails (patient_id, email) VALUES ('478251737906', 'fwilliams@example.org');

        INSERT INTO Patients (patient_id, first_name, last_name, dob, height, weight, insurance, sex, dnr_present, street_no, street_name, unit_no, city, province, country)
        VALUES ('671560675872', 'Nancy', 'Anderson', '1961-03-07', 147, 45, 'N', 'M', 'Y', '28776', 'Eddie Curve', 7, 'Port Diane', 'CO', 'Canada');
        
INSERT INTO PatientPhones (patient_id, phone_number) VALUES ('671560675872', '(824)785-4774x975');
INSERT INTO PatientPhones (patient_id, phone_number) VALUES ('671560675872', '2762068815');
INSERT INTO PatientPhones (patient_id, phone_number) VALUES ('671560675872', '643-397-9594x905');
INSERT INTO PatientEmails (patient_id, email) VALUES ('671560675872', 'eugenesavage@example.net');
INSERT INTO PatientEmails (patient_id, email) VALUES ('671560675872', 'danielwhite@example.org');

        INSERT INTO Patients (patient_id, first_name, last_name, dob, height, weight, insurance, sex, dnr_present, street_no, street_name, unit_no, city, province, country)
        VALUES ('450588859969', 'Amanda', 'Scott', '1943-03-06', 209, 91, 'Y', 'M', 'Y', '917', 'Kimberly Heights', 69, 'East Richard', 'DC', 'US');
        
INSERT INTO PatientPhones (patient_id, phone_number) VALUES ('450588859969', '734.698.2878x0078');
INSERT INTO PatientPhones (patient_id, phone_number) VALUES ('450588859969', '+1-401-478-4228x66287');
INSERT INTO PatientPhones (patient_id, phone_number) VALUES ('450588859969', '001-633-237-4875x11926');
INSERT INTO PatientEmails (patient_id, email) VALUES ('450588859969', 'claudia43@example.org');
INSERT INTO PatientEmails (patient_id, email) VALUES ('450588859969', 'kevinjensen@example.net');

-- Staff Table

        INSERT INTO Staff (Staff_ID, firstName, lastName, Position, Department)
        VALUES ('605657', 'Megan', 'Fleming', 'Doctor', 'Oncology');
        
INSERT INTO StaffPhone (Staff_ID, phone) VALUES ('605657', '(326)607-6721');

        INSERT INTO Staff (Staff_ID, firstName, lastName, Position, Department)
        VALUES ('166505', 'Donna', 'May', 'Technician', 'Pediatrics');
        
INSERT INTO StaffPhone (Staff_ID, phone) VALUES ('166505', '734.877.2981x103');

        INSERT INTO Staff (Staff_ID, firstName, lastName, Position, Department)
        VALUES ('406102', 'Sean', 'Graham', 'Technician', 'Radiology');
        
INSERT INTO StaffPhone (Staff_ID, phone) VALUES ('406102', '356-523-0381x76671');

        INSERT INTO Staff (Staff_ID, firstName, lastName, Position, Department)
        VALUES ('736356', 'Jose', 'Daniels', 'Administrator', 'Oncology');
        
INSERT INTO StaffPhone (Staff_ID, phone) VALUES ('736356', '(233)742-1069x72821');

        INSERT INTO Staff (Staff_ID, firstName, lastName, Position, Department)
        VALUES ('591508', 'Mason', 'Jones', 'Nurse', 'Radiology');
        
INSERT INTO StaffPhone (Staff_ID, phone) VALUES ('591508', '001-965-744-8663x410');

-- Medications Table

        INSERT INTO Medication (medID, medName, drugClass, administrationDetails, storageDetails)
        VALUES (089912, 'Close', 'Antibiotic', 'Topical', 'Store at room temperature');
        

        INSERT INTO Medication (medID, medName, drugClass, administrationDetails, storageDetails)
        VALUES (033175, 'Responsibility', 'Antiviral', 'Oral', 'Avoid direct sunlight');
        

        INSERT INTO Medication (medID, medName, drugClass, administrationDetails, storageDetails)
        VALUES (920724, 'Soldier', 'Antibiotic', 'Topical', 'Keep refrigerated');
        

        INSERT INTO Medication (medID, medName, drugClass, administrationDetails, storageDetails)
        VALUES (318216, 'Law', 'Antiviral', 'Injectable', 'Keep refrigerated');
        

        INSERT INTO Medication (medID, medName, drugClass, administrationDetails, storageDetails)
        VALUES (320627, 'Away', 'Analgesic', 'Injectable', 'Keep refrigerated');
        

-- PatientAllergies Table

        INSERT INTO PatientAllergies (allergyName, patientID, severity, description)
        VALUES ('Latex', '344843598556', 'Moderate', 'Lot early future already.');
        

        INSERT INTO PatientAllergies (allergyName, patientID, severity, description)
        VALUES ('Latex', '780755542315', 'Severe', 'Leg know wall bring card another close.');
        

        INSERT INTO PatientAllergies (allergyName, patientID, severity, description)
        VALUES ('Pollen', '450588859969', 'Mild', 'Improve stuff answer improve yes expect.');
        

        INSERT INTO PatientAllergies (allergyName, patientID, severity, description)
        VALUES ('Peanuts', '034118677807', 'Mild', 'Generation student assume walk toward.');
        

        INSERT INTO PatientAllergies (allergyName, patientID, severity, description)
        VALUES ('Dust', '478251737906', 'Mild', 'Sing another want full alone.');
        

-- MedAllergyConflict Table

        INSERT INTO MedAllergyConflict (medID, allergyName, severity)
        VALUES ('320627', 'Shellfish', 'Low');
        

        INSERT INTO MedAllergyConflict (medID, allergyName, severity)
        VALUES ('320627', 'Mold', 'Medium');
        

-- PatientMedicalConditions Table

        INSERT INTO PatientMedicalConditions (patientID, medicalCondition, description, diagnosisDate, diagnoserID)
        VALUES ('034118677807', 'Dementia', 'Read our property organization.', '2023-07-30', '605657');
        

        INSERT INTO PatientMedicalConditions (patientID, medicalCondition, description, diagnosisDate, diagnoserID)
        VALUES ('780755542315', 'Depression', 'Piece identify television hospital.', '2024-03-08', '605657');
        

        INSERT INTO PatientMedicalConditions (patientID, medicalCondition, description, diagnosisDate, diagnoserID)
        VALUES ('215449313750', 'Alzheimers', 'Everything policy space control different key.', '2021-10-08', '605657');
        

        INSERT INTO PatientMedicalConditions (patientID, medicalCondition, description, diagnosisDate, diagnoserID)
        VALUES ('585430752205', 'Allergies', 'Fill various follow three direction skin light avoid.', '2020-10-31', '605657');
        

        INSERT INTO PatientMedicalConditions (patientID, medicalCondition, description, diagnosisDate, diagnoserID)
        VALUES ('585430752205', 'Gout', 'Same wind behavior or music.', '2024-04-03', '605657');
        

-- MedMedConflict Table

        INSERT INTO MedMedConflict (medicationA, medicationB, severity)
        VALUES ('320627', '920724', 'Medium');
        

-- Insurance Table

-- MedicationSideEffects Table

            INSERT INTO MedicationSideEffects (medID, sideEffect, severity)
            VALUES ('089912', 'Dizziness', 'Moderate');
            

            INSERT INTO MedicationSideEffects (medID, sideEffect, severity)
            VALUES ('089912', 'Headache', 'Mild');
            

            INSERT INTO MedicationSideEffects (medID, sideEffect, severity)
            VALUES ('033175', 'Nausea', 'Mild');
            

            INSERT INTO MedicationSideEffects (medID, sideEffect, severity)
            VALUES ('920724', 'Headache', 'Mild');
            

            INSERT INTO MedicationSideEffects (medID, sideEffect, severity)
            VALUES ('920724', 'Nausea', 'Moderate');
            

            INSERT INTO MedicationSideEffects (medID, sideEffect, severity)
            VALUES ('920724', 'Headache', 'Moderate');
            

            INSERT INTO MedicationSideEffects (medID, sideEffect, severity)
            VALUES ('318216', 'Dry mouth', 'Mild');
            

            INSERT INTO MedicationSideEffects (medID, sideEffect, severity)
            VALUES ('318216', 'Nausea', 'Severe');
            

            INSERT INTO MedicationSideEffects (medID, sideEffect, severity)
            VALUES ('320627', 'Dizziness', 'Mild');
            

            INSERT INTO MedicationSideEffects (medID, sideEffect, severity)
            VALUES ('320627', 'Nausea', 'Severe');
            

            INSERT INTO MedicationSideEffects (medID, sideEffect, severity)
            VALUES ('320627', 'Dry mouth', 'Severe');
            

-- Allergy Table

        INSERT INTO Allergy (allergyName, type, managementStrategy, seasonalConsiderations)
        VALUES ('Peanuts', 'Drug', 'Practice friend organization three ok Congress name.', 'No');
        
INSERT INTO AllergySymptoms (allergyName, symptom, severity) VALUES ('Peanuts', 'Itchy eyes', 'Mild');
INSERT INTO AllergySymptoms (allergyName, symptom, severity) VALUES ('Peanuts', 'Shortness of breath', 'Moderate');
INSERT INTO AllergyTreatment (allergyName, treatment, considerations) VALUES ('Peanuts', 'Dream every important leader find occur wait.', 'Own general summer ahead.');

        INSERT INTO Allergy (allergyName, type, managementStrategy, seasonalConsiderations)
        VALUES ('Shellfish', 'Drug', 'Treatment rise pass single network.', 'No');
        
INSERT INTO AllergySymptoms (allergyName, symptom, severity) VALUES ('Shellfish', 'Sneezing', 'Severe');
INSERT INTO AllergyTreatment (allergyName, treatment, considerations) VALUES ('Shellfish', 'Customer store manager theory budget him.', 'Remember wide free son ahead ground.');

        INSERT INTO Allergy (allergyName, type, managementStrategy, seasonalConsiderations)
        VALUES ('Pollen', 'Drug', 'Eat gas fly pretty left wrong.', 'Yes');
        
INSERT INTO AllergySymptoms (allergyName, symptom, severity) VALUES ('Pollen', 'Itchy eyes', 'Moderate');
INSERT INTO AllergySymptoms (allergyName, symptom, severity) VALUES ('Pollen', 'Hives', 'Severe');
INSERT INTO AllergyTreatment (allergyName, treatment, considerations) VALUES ('Pollen', 'Large fall nor doctor.', 'Soon main ready every nature.');

        INSERT INTO Allergy (allergyName, type, managementStrategy, seasonalConsiderations)
        VALUES ('Dust', 'Drug', 'Not everything dream former soldier admit.', 'Yes');
        
INSERT INTO AllergySymptoms (allergyName, symptom, severity) VALUES ('Dust', 'Hives', 'Moderate');
INSERT INTO AllergySymptoms (allergyName, symptom, severity) VALUES ('Dust', 'Hives', 'Moderate');
INSERT INTO AllergySymptoms (allergyName, symptom, severity) VALUES ('Dust', 'Sneezing', 'Mild');
INSERT INTO AllergyTreatment (allergyName, treatment, considerations) VALUES ('Dust', 'Certain local everybody threat audience decade help.', 'According alone card develop big student.');

        INSERT INTO Allergy (allergyName, type, managementStrategy, seasonalConsiderations)
        VALUES ('Mold', 'Food', 'Than would wide.', 'No');
        
INSERT INTO AllergySymptoms (allergyName, symptom, severity) VALUES ('Mold', 'Hives', 'Severe');
INSERT INTO AllergySymptoms (allergyName, symptom, severity) VALUES ('Mold', 'Hives', 'Severe');
INSERT INTO AllergyTreatment (allergyName, treatment, considerations) VALUES ('Mold', 'Agency book try hour energy.', 'Table build wind quickly know remember plant leave.');

        INSERT INTO Allergy (allergyName, type, managementStrategy, seasonalConsiderations)
        VALUES ('Latex', 'Environmental', 'Audience the chair rule.', 'No');
        
INSERT INTO AllergySymptoms (allergyName, symptom, severity) VALUES ('Latex', 'Shortness of breath', 'Moderate');
INSERT INTO AllergySymptoms (allergyName, symptom, severity) VALUES ('Latex', 'Swelling', 'Mild');
INSERT INTO AllergyTreatment (allergyName, treatment, considerations) VALUES ('Latex', 'Worker themselves arrive laugh forward carry.', 'While daughter relationship around cause.');

-- VisitorPhone Table

-- PlanMeals Table

-- MealPlan Table

        INSERT INTO MealPlan (mealPlanID, date, schedule, patientID)
        VALUES ('078693', '2024-04-02', 'Dinner', '034118677807');
        

        INSERT INTO MealPlan (mealPlanID, date, schedule, patientID)
        VALUES ('874224', '2024-01-12', 'Dinner', '585430752205');
        

        INSERT INTO MealPlan (mealPlanID, date, schedule, patientID)
        VALUES ('154144', '2024-06-14', 'Dinner', '450588859969');
        

        INSERT INTO MealPlan (mealPlanID, date, schedule, patientID)
        VALUES ('846892', '2024-02-02', 'Breakfast', '447505059876');
        

        INSERT INTO MealPlan (mealPlanID, date, schedule, patientID)
        VALUES ('755891', '2024-07-22', 'Breakfast', '780755542315');
        

-- Visitor Table

        INSERT INTO Visitor (visitor_ID, firstName, lastName, patient_ID)
        VALUES ('920925', 'Vanessa', 'Mendoza', '344843598556');
        

        INSERT INTO Visitor (visitor_ID, firstName, lastName, patient_ID)
        VALUES ('268909', 'Stephanie', 'Nicholson', '344843598556');
        

        INSERT INTO Visitor (visitor_ID, firstName, lastName, patient_ID)
        VALUES ('077619', 'Melissa', 'Nelson', '215449313750');
        

        INSERT INTO Visitor (visitor_ID, firstName, lastName, patient_ID)
        VALUES ('710477', 'Roger', 'Duncan', '016450454611');
        

        INSERT INTO Visitor (visitor_ID, firstName, lastName, patient_ID)
        VALUES ('812711', 'Stephen', 'Jackson', '478251737906');
        

        INSERT INTO Visitor (visitor_ID, firstName, lastName, patient_ID)
        VALUES ('509753', 'Jamie', 'Harris', '447505059876');
        

        INSERT INTO Visitor (visitor_ID, firstName, lastName, patient_ID)
        VALUES ('123558', 'Angela', 'Bauer', '780755542315');
        

        INSERT INTO Visitor (visitor_ID, firstName, lastName, patient_ID)
        VALUES ('715517', 'Sylvia', 'Odonnell', '215449313750');
        

        INSERT INTO Visitor (visitor_ID, firstName, lastName, patient_ID)
        VALUES ('999292', 'Jason', 'Bishop', '344843598556');
        

        INSERT INTO Visitor (visitor_ID, firstName, lastName, patient_ID)
        VALUES ('114811', 'Matthew', 'Krueger', '344843598556');
        

-- Visit Table

        INSERT INTO Visit (visitID, visitorID, patientID, date, time, notes)
        VALUES ('6709', '812711', '344843598556', '2024-08-27', '16:46:24', 'Glass rich process.');
        

        INSERT INTO Visit (visitID, visitorID, patientID, date, time, notes)
        VALUES ('6186', '812711', '450588859969', '2024-10-26', '23:08:00', 'Type billion writer each face.');
        

        INSERT INTO Visit (visitID, visitorID, patientID, date, time, notes)
        VALUES ('7088', '114811', '450588859969', '2024-03-29', '00:51:54', 'Rather soon continue wear daughter.');
        

        INSERT INTO Visit (visitID, visitorID, patientID, date, time, notes)
        VALUES ('2000', '999292', '478251737906', '2024-10-21', '22:50:34', 'Worker partner great miss collection.');
        

        INSERT INTO Visit (visitID, visitorID, patientID, date, time, notes)
        VALUES ('1349', '123558', '780755542315', '2024-10-03', '10:04:38', 'Lay image middle seat center body our shoulder.');
        

        INSERT INTO Visit (visitID, visitorID, patientID, date, time, notes)
        VALUES ('4314', '812711', '447505059876', '2024-05-08', '09:06:11', 'Cover would purpose catch green walk.');
        

        INSERT INTO Visit (visitID, visitorID, patientID, date, time, notes)
        VALUES ('1359', '715517', '478251737906', '2024-06-08', '07:58:50', 'Remain especially charge cell.');
        

        INSERT INTO Visit (visitID, visitorID, patientID, date, time, notes)
        VALUES ('2208', '114811', '016450454611', '2024-08-14', '04:29:55', 'Rich must whose loss never conference put.');
        

        INSERT INTO Visit (visitID, visitorID, patientID, date, time, notes)
        VALUES ('9288', '812711', '034118677807', '2024-04-02', '09:39:26', 'Especially dinner never receive.');
        

        INSERT INTO Visit (visitID, visitorID, patientID, date, time, notes)
        VALUES ('6967', '123558', '671560675872', '2024-10-16', '10:28:15', 'Between pull fly capital like single.');
        

-- Food and FoodNutritionalVal Tables

        INSERT INTO Food (foodName, type, calories, protein, carbs, fats)
        VALUES ('Focus', 'Grain', 279, 15, 5, 16);
        

        INSERT INTO Food (foodName, type, calories, protein, carbs, fats)
        VALUES ('Maybe', 'Grain', 91, 4, 18, 0);
        

        INSERT INTO Food (foodName, type, calories, protein, carbs, fats)
        VALUES ('Talk', 'Grain', 279, 13, 50, 16);
        

        INSERT INTO Food (foodName, type, calories, protein, carbs, fats)
        VALUES ('Change', 'Fruit', 61, 18, 33, 14);
        

        INSERT INTO Food (foodName, type, calories, protein, carbs, fats)
        VALUES ('House', 'Dairy', 256, 6, 17, 10);
        

        INSERT INTO Food (foodName, type, calories, protein, carbs, fats)
        VALUES ('Child', 'Protein', 173, 3, 41, 6);
        

        INSERT INTO Food (foodName, type, calories, protein, carbs, fats)
        VALUES ('Policy', 'Grain', 264, 17, 41, 9);
        

        INSERT INTO Food (foodName, type, calories, protein, carbs, fats)
        VALUES ('Young', 'Vegetable', 222, 0, 31, 11);
        

        INSERT INTO Food (foodName, type, calories, protein, carbs, fats)
        VALUES ('Indeed', 'Vegetable', 223, 8, 0, 15);
        

        INSERT INTO Food (foodName, type, calories, protein, carbs, fats)
        VALUES ('Several', 'Protein', 163, 2, 30, 18);
        
